{"stats":{"minecraft:custom":{"minecraft:jump":120,"minecraft:time_since_rest":4860,"minecraft:leave_game":1,"minecraft:damage_dealt":10,"minecraft:crouch_one_cm":355,"minecraft:sprint_one_cm":15055,"minecraft:play_time":4860,"minecraft:damage_taken":30,"minecraft:time_since_death":4860,"minecraft:walk_one_cm":3973,"minecraft:sneak_time":63,"minecraft:total_world_time":4860,"minecraft:fall_one_cm":3421,"minecraft:fly_one_cm":24128},"minecraft:used":{"alexsmobs:animal_dictionary":1},"minecraft:mined":{"minecraft:birch_leaves":1}},"DataVersion":3120}