{"stats":{"minecraft:mined":{"create:zinc_ore":7,"minecraft:diamond_ore":1,"create:deepslate_zinc_ore":24,"minecraft:tuff":2,"minecraft:spruce_planks":5,"minecraft:deepslate_diamond_ore":1,"minecraft:black_terracotta":1,"minecraft:sculk_vein":1,"minecraft:grass_block":59,"minecraft:spawner":1,"farmersdelight:wild_onions":11,"minecraft:iron_ore":29,"minecraft:moss_carpet":1,"minecraft:dark_oak_stairs":1,"minecraft:deepslate_iron_ore":7,"minecraft:pink_tulip":1,"minecraft:stone":90,"minecraft:spruce_slab":3,"minecraft:deepslate_redstone_ore":4,"minecraft:red_bed":1,"minecraft:blackstone":5,"minecraft:crafting_table":1,"minecraft:torch":5,"minecraft:melon":1,"minecraft:cobblestone":9,"minecraft:copper_ore":7,"minecraft:deepslate_gold_ore":20,"minecraft:sculk":10,"minecraft:spruce_stairs":2,"minecraft:birch_planks":7,"minecraft:coarse_dirt":1,"minecraft:birch_log":57,"minecraft:lilac":2,"minecraft:birch_leaves":6,"minecraft:grass":5,"minecraft:oak_log":2,"minecraft:coal_ore":14,"minecraft:gravel":1,"minecraft:sand":21,"minecraft:dirt":49,"minecraft:smooth_basalt":2,"mcwdoors:birch_modern_door":1,"minecraft:small_dripleaf":1,"minecraft:deepslate_emerald_ore":2,"minecraft:deepslate":11},"minecraft:broken":{"minecraft:stone_shovel":1},"minecraft:killed":{"alexsmobs:raccoon":2,"minecraft:spider":5,"minecraft:skeleton":13,"minecraft:silverfish":17,"mowziesmobs:grottol":1,"minecraft:parrot":2,"minecraft:creeper":2,"minecraft:zombie":8},"minecraft:dropped":{"minecraft:birch_planks":17,"minecraft:cobblestone":36,"minecraft:stick":4,"minecraft:coarse_dirt":1,"minecraft:tuff":1,"minecraft:wooden_pickaxe":1,"minecraft:stone_pickaxe":1},"minecraft:killed_by":{"minecraft:warden":2,"minecraft:skeleton":4,"minecraft:zombie":2},"minecraft:custom":{"minecraft:mob_kills":53,"minecraft:interact_with_crafting_table":28,"minecraft:open_barrel":13,"minecraft:leave_game":5,"minecraft:time_since_death":12383,"minecraft:climb_one_cm":621,"minecraft:sprint_one_cm":271516,"minecraft:walk_one_cm":153956,"minecraft:drop":13,"minecraft:play_time":113506,"minecraft:deaths":10,"minecraft:sneak_time":14298,"minecraft:walk_under_water_one_cm":14734,"minecraft:jump":2161,"minecraft:walk_on_water_one_cm":9779,"minecraft:total_world_time":113506,"minecraft:interact_with_furnace":39,"minecraft:sleep_in_bed":2,"minecraft:time_since_rest":12003,"minecraft:damage_taken":3703,"tombstone:sneak_grave":1,"minecraft:damage_dealt":9139,"minecraft:swim_one_cm":40342,"minecraft:fly_one_cm":367433,"minecraft:open_chest":37,"minecraft:crouch_one_cm":43568,"tombstone:undead_killed":21,"minecraft:fall_one_cm":84274},"minecraft:crafted":{"minecraft:oak_planks":8,"minecraft:stone_shovel":1,"minecraft:furnace":1,"minecraft:glass_pane":48,"mcwdoors:birch_modern_door":3,"minecraft:glass":15,"minecraft:iron_boots":1,"minecraft:iron_axe":1,"minecraft:stone_pickaxe":2,"minecraft:chest":2,"minecraft:cooked_porkchop":0,"minecraft:crafting_table":4,"minecraft:wooden_pickaxe":2,"minecraft:iron_helmet":1,"ironfurnaces:upgrade_iron":1,"minecraft:gold_block":1,"minecraft:bucket":1,"minecraft:birch_planks":228,"minecraft:stone_axe":1,"minecraft:air":0,"ironfurnaces:upgrade_gold":1,"minecraft:iron_chestplate":1,"minecraft:stick":40,"minecraft:iron_pickaxe":1,"minecraft:stone_sword":1,"minecraft:gold_ingot":0,"minecraft:iron_shovel":1,"minecraft:iron_leggings":1,"minecraft:torch":68},"minecraft:used":{"minecraft:moss_carpet":7,"minecraft:stone_sword":67,"minecraft:iron_shovel":15,"minecraft:stone_shovel":131,"minecraft:spruce_planks":3,"minecraft:chest":2,"minecraft:iron_sword":125,"minecraft:iron_chestplate":1,"minecraft:torch":72,"minecraft:dirt":100,"minecraft:allium":1,"minecraft:tuff":1,"minecraft:honey_bottle":2,"minecraft:glass":3,"mcwdoors:birch_modern_door":2,"minecraft:iron_axe":45,"minecraft:birch_sapling":1,"minecraft:smooth_basalt":2,"minecraft:furnace":1,"tombstone:gift":8,"minecraft:iron_leggings":1,"minecraft:water_bucket":29,"minecraft:pink_tulip":2,"minecraft:birch_planks":121,"minecraft:stone_pickaxe":68,"minecraft:oak_planks":1,"minecraft:baked_potato":7,"minecraft:blackstone":4,"minecraft:wooden_pickaxe":12,"farmersdelight:onion":16,"minecraft:crafting_table":3,"minecraft:red_bed":1,"minecraft:bread":5,"minecraft:iron_pickaxe":164,"minecraft:lilac":1,"minecraft:stone_axe":20,"minecraft:cobblestone":42,"minecraft:cooked_porkchop":7,"minecraft:bucket":30,"minecraft:glass_pane":46,"alexsmobs:animal_dictionary":1},"minecraft:picked_up":{"minecraft:coarse_dirt":1,"minecraft:crafting_table":1,"minecraft:allium":20,"minecraft:string":1,"minecraft:red_bed":1,"minecraft:moss_carpet":7,"minecraft:raw_copper":21,"minecraft:blackstone":5,"minecraft:cobbled_deepslate":11,"minecraft:spruce_planks":5,"minecraft:spruce_slab":3,"minecraft:melon_slice":6,"minecraft:birch_sapling":1,"mcwdoors:birch_modern_door":1,"minecraft:raw_iron":36,"minecraft:torch":7,"minecraft:spruce_stairs":2,"tombstone:grave_dust":3,"minecraft:redstone":17,"minecraft:arrow":13,"minecraft:rotten_flesh":6,"farmersdelight:onion":11,"minecraft:pink_tulip":2,"minecraft:cobblestone":99,"minecraft:birch_log":57,"minecraft:feather":7,"minecraft:lilac":2,"minecraft:glow_ink_sac":5,"minecraft:birch_planks":14,"minecraft:tuff":2,"create:raw_zinc":31,"minecraft:oak_log":2,"minecraft:gunpowder":2,"minecraft:dirt":106,"minecraft:glass":3,"minecraft:bone":8,"minecraft:wheat_seeds":2,"minecraft:raw_gold":20,"minecraft:dark_oak_stairs":1,"minecraft:smooth_basalt":2,"minecraft:black_terracotta":1,"minecraft:gravel":1,"minecraft:sand":24,"minecraft:spider_eye":1,"minecraft:diamond":3,"minecraft:emerald":2,"minecraft:coal":14}},"DataVersion":3120}