{"stats":{"minecraft:mined":{"create:zinc_ore":5,"minecraft:tuff":5,"minecraft:deepslate_diamond_ore":12,"minecraft:sculk_vein":103,"minecraft:stripped_birch_log":2,"minecraft:cave_vines_plant":1,"minecraft:grass_block":1,"minecraft:moss_block":2,"minecraft:spawner":1,"minecraft:sculk_catalyst":1,"minecraft:furnace":4,"minecraft:iron_ore":38,"minecraft:deepslate_lapis_ore":5,"create:asurine":1,"minecraft:cave_vines":5,"minecraft:deepslate_iron_ore":4,"minecraft:azalea":1,"minecraft:stone":93,"create:veridium":11,"minecraft:deepslate_redstone_ore":2,"minecraft:crafting_table":7,"minecraft:torch":2,"farmersdelight:safety_net":5,"minecraft:sculk_sensor":3,"minecraft:stone_slab":1,"minecraft:tall_grass":4,"minecraft:cobblestone":4,"minecraft:sculk":731,"minecraft:birch_planks":2,"minecraft:birch_log":16,"minecraft:lilac":2,"minecraft:birch_leaves":4,"minecraft:grass":4,"minecraft:coal_ore":37,"minecraft:gravel":2,"minecraft:dripstone_block":8,"minecraft:small_dripleaf":2,"minecraft:deepslate":14},"minecraft:broken":{"minecraft:stone_sword":1,"minecraft:stone_pickaxe":1,"minecraft:iron_hoe":2},"minecraft:killed":{"minecraft:spider":2,"minecraft:skeleton":8,"minecraft:chicken":1,"alexsmobs:skreecher":2,"minecraft:tropical_fish":18,"minecraft:pig":4,"minecraft:zombie_villager":2,"creeperoverhaul:spruce_creeper":1,"minecraft:creeper":1,"minecraft:zombie":23,"minecraft:enderman":1},"minecraft:dropped":{"farmersdelight:tomato_seeds":3,"minecraft:stone_hoe":1,"minecraft:moss_block":1,"minecraft:wheat_seeds":1,"minecraft:lilac":3,"minecraft:feather":1,"spartanshields:wooden_tower_shield":1,"tombstone:grave_key":1,"minecraft:wooden_sword":1,"minecraft:flowering_azalea":1,"minecraft:string":1,"minecraft:stone_axe":1,"minecraft:moss_carpet":5,"minecraft:wheat":2,"farmersdelight:flint_knife":2,"minecraft:azalea":2,"minecraft:spider_eye":2,"minecraft:arrow":5,"minecraft:stone_pickaxe":1,"minecraft:wooden_pickaxe":1},"minecraft:killed_by":{"minecraft:skeleton":2},"minecraft:custom":{"minecraft:mob_kills":65,"minecraft:interact_with_crafting_table":27,"minecraft:damage_dealt_resisted":57,"minecraft:leave_game":3,"minecraft:time_since_death":47876,"minecraft:climb_one_cm":638,"minecraft:sprint_one_cm":96240,"minecraft:walk_one_cm":237878,"minecraft:damage_blocked_by_shield":1025,"minecraft:drop":32,"minecraft:play_time":130588,"minecraft:deaths":3,"minecraft:sneak_time":8248,"minecraft:walk_under_water_one_cm":4272,"minecraft:jump":1534,"minecraft:walk_on_water_one_cm":18556,"minecraft:total_world_time":130588,"minecraft:interact_with_furnace":23,"minecraft:time_since_rest":47046,"minecraft:damage_taken":2129,"minecraft:damage_dealt":8599,"minecraft:fly_one_cm":132668,"minecraft:swim_one_cm":2737,"minecraft:open_chest":11,"minecraft:crouch_one_cm":20338,"tombstone:undead_killed":33,"minecraft:fall_one_cm":33557},"minecraft:crafted":{"minecraft:wooden_sword":1,"spartanshields:wooden_tower_shield":1,"minecraft:furnace":1,"minecraft:cooked_mutton":4,"farmersdelight:safety_net":3,"minecraft:iron_boots":1,"minecraft:iron_axe":1,"minecraft:iron_hoe":4,"minecraft:stone_pickaxe":2,"minecraft:chest":2,"minecraft:stone_hoe":1,"minecraft:cooked_beef":4,"minecraft:cooked_porkchop":7,"minecraft:crafting_table":3,"minecraft:spruce_planks":16,"farmersdelight:flint_knife":1,"minecraft:wooden_pickaxe":1,"minecraft:iron_helmet":1,"minecraft:iron_sword":1,"spartanshields:stone_basic_shield":1,"minecraft:birch_planks":68,"minecraft:stone_axe":1,"minecraft:air":0,"minecraft:iron_chestplate":1,"minecraft:stick":36,"minecraft:iron_ingot":39,"minecraft:iron_pickaxe":1,"minecraft:stone_sword":1,"minecraft:iron_leggings":1,"spartanshields:wooden_basic_shield":1,"minecraft:torch":24},"minecraft:picked_up":{"minecraft:crafting_table":7,"minecraft:chicken":1,"minecraft:stone_slab":1,"minecraft:enchanted_book":1,"tombstone:grave_key":1,"minecraft:moss_carpet":6,"minecraft:string":1,"minecraft:cobbled_deepslate":14,"tombstone:scroll_of_unstable_intangibility":1,"immersive_melodies:trumpet":1,"minecraft:azalea":2,"minecraft:furnace":4,"minecraft:raw_iron":42,"minecraft:torch":7,"minecraft:porkchop":7,"tombstone:grave_dust":4,"minecraft:redstone":9,"minecraft:arrow":5,"minecraft:rotten_flesh":14,"minecraft:tropical_fish":20,"create:asurine":1,"create:veridium":11,"farmersdelight:rope":12,"minecraft:glow_berries":46,"minecraft:cobblestone":108,"minecraft:birch_log":16,"minecraft:feather":1,"minecraft:lilac":3,"farmersdelight:safety_net":5,"alexsmobs:skreecher_soul":2,"minecraft:birch_planks":2,"minecraft:flint":1,"minecraft:tuff":5,"create:raw_zinc":5,"minecraft:gunpowder":3,"minecraft:lapis_lazuli":30,"minecraft:stripped_birch_log":2,"farmersdelight:flint_knife":1,"minecraft:dirt":2,"minecraft:bone":3,"minecraft:wheat_seeds":1,"minecraft:iron_ingot":4,"minecraft:cooked_chicken":1,"minecraft:moss_block":13,"minecraft:stone_hoe":1,"minecraft:flowering_azalea":1,"minecraft:dripstone_block":8,"minecraft:gravel":1,"minecraft:spruce_log":4,"minecraft:spider_eye":2,"minecraft:diamond":12,"minecraft:golden_apple":1,"minecraft:coal":110},"minecraft:used":{"minecraft:moss_block":12,"minecraft:moss_carpet":1,"minecraft:stone_sword":135,"minecraft:tropical_fish":20,"create:veridium":11,"minecraft:chest":2,"minecraft:spruce_planks":10,"minecraft:iron_sword":9,"minecraft:cooked_chicken":1,"minecraft:stone_hoe":77,"minecraft:rotten_flesh":21,"minecraft:iron_chestplate":1,"minecraft:torch":25,"minecraft:dirt":2,"farmersdelight:flint_knife":67,"minecraft:tuff":5,"minecraft:iron_hoe":747,"spartanshields:wooden_tower_shield":16,"minecraft:iron_axe":1,"minecraft:furnace":4,"minecraft:cooked_cod":2,"farmersdelight:safety_net":5,"tombstone:gift":3,"minecraft:cobbled_deepslate":6,"minecraft:water_bucket":6,"minecraft:birch_planks":4,"minecraft:stripped_birch_log":1,"minecraft:stone_pickaxe":180,"minecraft:wooden_pickaxe":7,"minecraft:glow_berries":62,"minecraft:crafting_table":10,"minecraft:dripstone_block":8,"spartanshields:stone_basic_shield":8,"minecraft:bread":2,"minecraft:iron_pickaxe":69,"minecraft:stone_slab":1,"create:asurine":1,"minecraft:gravel":1,"minecraft:stone_axe":28,"minecraft:wooden_sword":14,"minecraft:cobblestone":76,"minecraft:bucket":7,"alexsmobs:animal_dictionary":3}},"DataVersion":3120}