{"stats":{"minecraft:mined":{"create:zinc_ore":10,"create:deepslate_zinc_ore":4,"minecraft:tuff":23,"minecraft:spruce_planks":7,"minecraft:white_bed":1,"minecraft:deepslate_diamond_ore":12,"minecraft:sculk_vein":113,"minecraft:stripped_birch_log":2,"minecraft:cave_vines_plant":2,"minecraft:grass_block":9,"minecraft:spruce_leaves":1,"minecraft:moss_block":56,"minecraft:spawner":1,"minecraft:hay_block":10,"minecraft:sculk_catalyst":1,"minecraft:furnace":4,"minecraft:iron_ore":39,"minecraft:cobbled_deepslate":1,"minecraft:andesite":11,"minecraft:deepslate_lapis_ore":5,"create:asurine":7,"minecraft:cave_vines":6,"minecraft:deepslate_iron_ore":4,"minecraft:azalea":1,"minecraft:stone":105,"create:veridium":11,"minecraft:deepslate_redstone_ore":2,"minecraft:flowering_azalea":1,"minecraft:crafting_table":9,"minecraft:torch":2,"minecraft:calcite":7,"minecraft:chest":2,"farmersdelight:safety_net":5,"minecraft:sculk_sensor":3,"minecraft:stone_slab":1,"minecraft:tall_grass":4,"minecraft:cobblestone":4,"minecraft:cyan_bed":2,"minecraft:oak_planks":1,"minecraft:sculk":828,"minecraft:diorite":15,"minecraft:deepslate_copper_ore":2,"minecraft:birch_planks":2,"minecraft:birch_log":16,"minecraft:lilac":2,"minecraft:birch_leaves":4,"minecraft:grass":4,"minecraft:oak_log":5,"minecraft:coal_ore":37,"minecraft:gravel":2,"minecraft:dripstone_block":8,"minecraft:dirt":4,"minecraft:small_dripleaf":2,"minecraft:oak_leaves":8,"minecraft:deepslate":31},"minecraft:killed":{"minecraft:spider":3,"minecraft:skeleton":9,"minecraft:chicken":1,"alexsmobs:skreecher":3,"minecraft:tropical_fish":18,"minecraft:pig":4,"alexsmobs:grizzly_bear":1,"minecraft:zombie_villager":2,"creeperoverhaul:spruce_creeper":1,"minecraft:creeper":1,"minecraft:zombie":25,"alexsmobs:fly":1,"minecraft:enderman":1},"minecraft:crafted":{"minecraft:wooden_sword":1,"minecraft:oak_planks":20,"spartanshields:wooden_tower_shield":1,"minecraft:furnace":1,"minecraft:cooked_mutton":4,"farmersdelight:safety_net":3,"minecraft:iron_boots":1,"minecraft:iron_axe":1,"minecraft:iron_hoe":4,"minecraft:stone_pickaxe":2,"minecraft:chest":5,"minecraft:stone_hoe":1,"minecraft:wheat":90,"minecraft:cooked_beef":4,"minecraft:cooked_porkchop":7,"minecraft:crafting_table":3,"minecraft:spruce_planks":16,"farmersdelight:flint_knife":1,"minecraft:wooden_pickaxe":1,"minecraft:iron_helmet":1,"minecraft:iron_sword":1,"spartanshields:stone_basic_shield":1,"minecraft:birch_planks":68,"minecraft:stone_axe":1,"minecraft:bread":42,"minecraft:air":0,"minecraft:iron_chestplate":1,"minecraft:stick":36,"minecraft:iron_ingot":39,"minecraft:iron_pickaxe":1,"minecraft:stone_sword":1,"minecraft:iron_leggings":1,"spartanshields:wooden_basic_shield":1,"minecraft:torch":24},"minecraft:custom":{"minecraft:mob_kills":77,"minecraft:interact_with_crafting_table":30,"minecraft:open_barrel":3,"minecraft:damage_dealt_resisted":57,"minecraft:leave_game":7,"minecraft:time_since_death":109042,"minecraft:climb_one_cm":1648,"minecraft:sprint_one_cm":252918,"minecraft:walk_one_cm":427335,"minecraft:damage_blocked_by_shield":1065,"minecraft:drop":55,"minecraft:talked_to_villager":4,"minecraft:play_time":191754,"minecraft:deaths":3,"minecraft:sneak_time":11827,"minecraft:walk_under_water_one_cm":9917,"minecraft:jump":2788,"minecraft:walk_on_water_one_cm":26037,"minecraft:total_world_time":191754,"minecraft:interact_with_furnace":24,"minecraft:sleep_in_bed":2,"minecraft:time_since_rest":16418,"minecraft:damage_taken":2535,"minecraft:damage_dealt":10825,"minecraft:swim_one_cm":9371,"minecraft:fly_one_cm":281545,"minecraft:open_chest":56,"minecraft:crouch_one_cm":29469,"tombstone:undead_killed":36,"minecraft:interact_with_smoker":1,"minecraft:fall_one_cm":59585},"minecraft:killed_by":{"minecraft:skeleton":2},"minecraft:used":{"minecraft:moss_block":60,"minecraft:moss_carpet":1,"minecraft:stone_sword":135,"minecraft:flint_and_steel":1,"minecraft:tropical_fish":20,"minecraft:oak_sign":1,"create:veridium":11,"minecraft:chest":7,"minecraft:spruce_planks":14,"minecraft:iron_sword":57,"minecraft:cooked_chicken":1,"minecraft:rotten_flesh":21,"minecraft:stone_hoe":77,"minecraft:iron_chestplate":1,"minecraft:torch":25,"minecraft:dirt":13,"farmersdelight:flint_knife":67,"minecraft:golden_shovel":4,"minecraft:tuff":20,"minecraft:obsidian":2,"minecraft:iron_hoe":917,"spartanshields:wooden_tower_shield":16,"minecraft:lava_bucket":1,"minecraft:iron_axe":18,"minecraft:oak_sapling":2,"minecraft:furnace":4,"minecraft:cooked_cod":2,"farmersdelight:safety_net":5,"tombstone:gift":3,"minecraft:cobbled_deepslate":32,"minecraft:calcite":7,"minecraft:cooked_mutton":4,"minecraft:water_bucket":36,"minecraft:diorite":12,"minecraft:birch_planks":9,"minecraft:stripped_birch_log":1,"minecraft:stone_pickaxe":180,"minecraft:wooden_pickaxe":7,"minecraft:glow_berries":62,"minecraft:crafting_table":12,"minecraft:dripstone_block":8,"minecraft:bread":11,"minecraft:cyan_bed":2,"spartanshields:stone_basic_shield":9,"minecraft:iron_pickaxe":170,"minecraft:stone_slab":1,"create:asurine":1,"minecraft:gravel":1,"minecraft:stone_axe":28,"minecraft:wooden_sword":14,"minecraft:cobblestone":88,"minecraft:andesite":5,"minecraft:bucket":38,"alexsmobs:animal_dictionary":3},"minecraft:broken":{"minecraft:stone_sword":1,"minecraft:stone_pickaxe":1,"minecraft:iron_hoe":3},"minecraft:picked_up":{"minecraft:crafting_table":9,"minecraft:chicken":1,"minecraft:stone_slab":1,"minecraft:enchanted_book":1,"minecraft:golden_shovel":1,"tombstone:grave_key":1,"minecraft:string":1,"minecraft:moss_carpet":6,"minecraft:raw_copper":7,"minecraft:oak_sign":1,"minecraft:cobbled_deepslate":32,"tombstone:scroll_of_unstable_intangibility":1,"minecraft:spruce_planks":7,"immersive_melodies:trumpet":1,"minecraft:calcite":7,"minecraft:azalea":2,"minecraft:chest":2,"minecraft:furnace":4,"minecraft:stick":6,"minecraft:raw_iron":43,"minecraft:torch":7,"minecraft:porkchop":10,"tombstone:grave_dust":4,"minecraft:diorite":15,"minecraft:redstone":9,"minecraft:arrow":5,"minecraft:rotten_flesh":14,"minecraft:tropical_fish":20,"minecraft:hay_block":10,"create:asurine":5,"farmersdelight:rope":12,"create:veridium":11,"minecraft:glow_berries":46,"minecraft:cobblestone":120,"minecraft:birch_log":16,"minecraft:feather":1,"minecraft:lilac":3,"minecraft:water_bucket":1,"minecraft:andesite":5,"farmersdelight:safety_net":5,"alexsmobs:skreecher_soul":3,"minecraft:birch_planks":2,"alexsmobs:bear_fur":1,"minecraft:flint":1,"minecraft:tuff":20,"create:raw_zinc":14,"minecraft:oak_log":5,"minecraft:gunpowder":3,"minecraft:stripped_birch_log":2,"minecraft:lapis_lazuli":30,"farmersdelight:flint_knife":1,"minecraft:dirt":20,"minecraft:bone":5,"minecraft:wheat_seeds":1,"minecraft:iron_ingot":4,"minecraft:cooked_chicken":1,"minecraft:moss_block":71,"minecraft:stone_hoe":1,"minecraft:oak_planks":1,"minecraft:flowering_azalea":1,"minecraft:dripstone_block":8,"minecraft:gravel":1,"minecraft:white_bed":1,"minecraft:spruce_log":4,"minecraft:cyan_bed":2,"minecraft:spider_eye":2,"minecraft:diamond":12,"minecraft:golden_apple":1,"minecraft:oak_sapling":2,"minecraft:coal":110},"minecraft:dropped":{"farmersdelight:tomato_seeds":3,"minecraft:water_bucket":1,"minecraft:stone_hoe":1,"minecraft:moss_block":10,"minecraft:wheat_seeds":1,"minecraft:lilac":3,"minecraft:feather":1,"minecraft:stick":8,"minecraft:diorite":3,"spartanshields:wooden_tower_shield":1,"tombstone:grave_key":1,"minecraft:wooden_sword":1,"minecraft:flowering_azalea":1,"minecraft:string":1,"minecraft:stone_axe":1,"minecraft:moss_carpet":5,"minecraft:wheat":2,"minecraft:golden_shovel":1,"alexsmobs:bear_fur":1,"farmersdelight:flint_knife":2,"minecraft:azalea":2,"minecraft:spider_eye":2,"minecraft:arrow":5,"minecraft:wooden_pickaxe":1,"minecraft:stone_pickaxe":1}},"DataVersion":3120}